CustomerID,Churn,Tenure,PreferredLoginDevice,CityTier,WarehouseToHome,PreferredPaymentMode,Gender,HourSpendOnApp,NumberOfDeviceRegistered,PreferedOrderCat,SatisfactionScore,MaritalStatus,NumberOfAddress,Complain,OrderAmountHikeFromlastYear,CouponUsed,OrderCount,DaySinceLastOrder,CashbackAmount
55563,0,5.0,Phone,1,9.0,Credit Card,Female,3.0,6,Mobile Phone,1,Married,3,1,12.0,1.0,2.0,1.0,136.29
54454,1,1.0,Mobile Phone,3,11.0,E wallet,Male,3.0,5,Laptop & Accessory,1,Single,3,1,13.0,5.0,8.0,5.0,183.28
51811,0,19.0,Computer,1,24.0,Credit Card,Female,2.0,3,Fashion,3,Married,6,0,11.0,0.0,1.0,2.0,205.27
52079,0,0.0,Mobile Phone,1,8.0,Credit Card,Male,2.0,1,Laptop & Accessory,1,Married,2,0,12.0,1.0,1.0,3.0,154.72
52457,1,16.0,Mobile Phone,1,8.0,Cash on Delivery,Female,3.0,4,Fashion,1,Married,1,0,16.0,0.0,1.0,9.0,201.69
53162,0,12.0,Mobile Phone,1,17.0,Credit Card,Female,4.0,4,Laptop & Accessory,3,Divorced,5,0,20.0,2.0,2.0,,223.24
51055,0,7.0,Mobile Phone,1,9.0,Debit Card,Female,3.0,3,Laptop & Accessory,4,Married,2,0,12.0,7.0,7.0,9.0,154.33
53306,0,1.0,Computer,1,10.0,Credit Card,Male,3.0,4,Mobile Phone,2,Divorced,3,0,12.0,2.0,2.0,1.0,142.06
53300,0,17.0,Mobile Phone,1,21.0,Debit Card,Male,4.0,4,Grocery,5,Divorced,8,0,,2.0,2.0,1.0,296.59
50488,0,1.0,Phone,3,8.0,E wallet,Female,2.0,3,Laptop & Accessory,4,Divorced,2,1,20.0,7.0,7.0,5.0,147.79
50260,0,9.0,Mobile Phone,3,8.0,Credit Card,Male,3.0,4,Fashion,3,Divorced,2,0,13.0,9.0,9.0,0.0,175.96
54023,1,1.0,Computer,1,31.0,Debit Card,Male,4.0,5,Mobile Phone,1,Single,3,1,25.0,2.0,2.0,1.0,149.39
52605,0,3.0,Mobile Phone,1,22.0,Debit Card,Male,2.0,1,Laptop & Accessory,3,Married,4,0,16.0,1.0,1.0,7.0,152.94
50960,0,7.0,Mobile Phone,3,6.0,COD,Male,3.0,4,Fashion,3,Divorced,2,1,14.0,7.0,8.0,6.0,170.83
52241,0,4.0,Mobile Phone,1,17.0,Credit Card,Male,3.0,3,Laptop & Accessory,5,Married,2,1,12.0,1.0,1.0,1.0,168.33
54832,0,8.0,Phone,1,17.0,Debit Card,Male,3.0,4,Mobile Phone,4,Married,3,0,15.0,2.0,2.0,1.0,145.08
54848,0,10.0,Mobile Phone,1,9.0,Credit Card,Male,4.0,4,Mobile Phone,3,Single,6,0,22.0,2.0,4.0,10.0,150.19
54803,0,12.0,Mobile Phone,3,16.0,E wallet,Male,4.0,5,Mobile Phone,4,Married,2,0,20.0,1.0,2.0,3.0,153.99
50944,1,0.0,Computer,1,,CC,Male,2.0,4,Mobile,5,Single,8,0,11.0,0.0,1.0,0.0,125.61000000000001
50821,0,23.0,Mobile Phone,1,34.0,Debit Card,Female,2.0,3,Grocery,5,Divorced,5,1,11.0,,1.0,2.0,268.8
53500,0,2.0,Mobile Phone,1,10.0,Credit Card,Female,4.0,4,Fashion,4,Married,2,0,18.0,1.0,2.0,8.0,201.55
55052,0,18.0,Phone,1,9.0,Debit Card,Female,4.0,2,Mobile Phone,1,Married,3,0,14.0,2.0,8.0,8.0,145.11
55413,0,8.0,Mobile Phone,1,9.0,Credit Card,Male,4.0,2,Mobile Phone,1,Married,2,1,15.0,2.0,2.0,3.0,154.32
50888,1,,Computer,3,6.0,Debit Card,Female,2.0,5,Mobile Phone,3,Single,2,0,12.0,1.0,1.0,0.0,113.59
52698,0,17.0,Mobile Phone,1,7.0,Debit Card,Male,3.0,1,Laptop & Accessory,5,Married,3,0,15.0,1.0,2.0,2.0,150.33
55083,0,18.0,Mobile Phone,1,11.0,Debit Card,Male,4.0,2,Others,5,Married,3,0,,3.0,15.0,14.0,316.9
52679,1,9.0,Mobile Phone,3,16.0,Debit Card,Female,3.0,3,Fashion,4,Married,6,0,21.0,1.0,1.0,7.0,173.14
54507,0,15.0,Mobile Phone,1,13.0,Credit Card,Male,4.0,5,Laptop & Accessory,4,Single,8,1,16.0,2.0,2.0,3.0,185.32
52865,0,19.0,Mobile Phone,3,11.0,Debit Card,Female,2.0,4,Laptop & Accessory,5,Married,6,1,12.0,1.0,2.0,4.0,175.06
54677,0,1.0,Mobile Phone,1,11.0,Credit Card,Male,3.0,2,Mobile Phone,5,Married,4,0,17.0,1.0,2.0,3.0,153.19
50612,0,21.0,Mobile Phone,1,10.0,Debit Card,Male,3.0,4,Fashion,3,Single,8,0,14.0,1.0,4.0,,209.99
52465,0,11.0,Mobile Phone,3,20.0,Debit Card,Male,3.0,3,Laptop & Accessory,4,Married,1,0,11.0,3.0,7.0,7.0,199.24
54007,0,17.0,Computer,3,9.0,Debit Card,Male,4.0,4,Laptop & Accessory,1,Married,3,0,21.0,6.0,8.0,8.0,181.75
54990,1,1.0,Mobile Phone,3,16.0,E wallet,Female,4.0,4,Laptop & Accessory,5,Single,5,1,18.0,1.0,2.0,4.0,207.24
54532,0,3.0,Phone,1,30.0,Debit Card,Male,3.0,4,Mobile Phone,1,Single,11,0,17.0,1.0,2.0,3.0,147.01
53286,1,21.0,Mobile Phone,1,9.0,Debit Card,Male,3.0,4,Others,4,Single,9,1,,6.0,14.0,9.0,317.46
52973,0,3.0,Computer,3,9.0,Debit Card,Male,3.0,4,Laptop & Accessory,2,Single,3,0,19.0,1.0,2.0,10.0,170.54
54601,1,1.0,Computer,2,30.0,UPI,Female,3.0,4,Fashion,5,Married,11,1,16.0,2.0,2.0,,224.5
55581,0,15.0,Mobile Phone,1,8.0,Debit Card,Male,4.0,4,Mobile Phone,1,Married,5,0,23.0,1.0,2.0,1.0,152.82
52364,0,9.0,Mobile Phone,1,10.0,Debit Card,Male,2.0,4,Laptop & Accessory,1,Single,2,0,16.0,0.0,1.0,8.0,158.1
53254,0,1.0,Mobile Phone,3,33.0,Credit Card,Female,3.0,4,Laptop & Accessory,2,Single,3,0,24.0,1.0,2.0,5.0,186.8
54040,0,1.0,Mobile Phone,1,7.0,Debit Card,Female,3.0,5,Mobile Phone,3,Married,3,1,14.0,1.0,2.0,1.0,154.33
54625,0,11.0,Mobile Phone,1,7.0,Cash on Delivery,Female,3.0,4,Fashion,1,Single,6,0,18.0,2.0,2.0,3.0,199.91
50865,0,10.0,Phone,1,10.0,Debit Card,Male,,3,Mobile,3,Divorced,8,1,15.0,1.0,1.0,3.0,129.96
54394,0,24.0,Mobile Phone,3,7.0,Credit Card,Female,4.0,4,Others,1,Married,5,0,,2.0,2.0,7.0,320.17
54372,0,4.0,Computer,1,7.0,Debit Card,Male,3.0,5,Fashion,3,Single,3,0,23.0,5.0,6.0,,209.74
52187,0,0.0,Phone,1,30.0,Credit Card,Male,2.0,3,Mobile Phone,4,Single,9,0,22.0,0.0,1.0,2.0,135.97
50623,0,11.0,Mobile Phone,3,9.0,Debit Card,Male,2.0,3,Laptop & Accessory,2,Single,9,1,12.0,1.0,1.0,0.0,168.61
52000,0,12.0,Mobile Phone,2,8.0,Debit Card,Female,2.0,4,Laptop & Accessory,1,Married,9,0,11.0,1.0,1.0,4.0,152.04
54319,0,14.0,Mobile Phone,3,11.0,E wallet,Male,4.0,5,Fashion,1,Married,9,0,12.0,2.0,,12.0,233.55
53707,1,1.0,Phone,1,15.0,Debit Card,Female,3.0,5,Mobile Phone,4,Single,3,0,13.0,1.0,2.0,1.0,137.61
50750,0,3.0,Phone,1,13.0,Debit Card,Male,2.0,3,Laptop & Accessory,3,Married,2,0,13.0,8.0,8.0,9.0,134.91
51909,0,0.0,Mobile Phone,3,32.0,Credit Card,Female,2.0,3,Laptop & Accessory,1,Single,2,0,23.0,0.0,1.0,4.0,161.8
54182,1,1.0,Mobile Phone,3,16.0,Debit Card,Male,3.0,5,Mobile Phone,5,Single,9,0,24.0,1.0,2.0,4.0,159.07
53816,0,3.0,Computer,1,9.0,Debit Card,Male,3.0,4,Laptop & Accessory,1,Married,3,0,20.0,1.0,2.0,,213.53
54171,0,9.0,Phone,1,23.0,Credit Card,Male,3.0,2,Mobile Phone,4,Married,2,0,14.0,2.0,2.0,4.0,149.26
53937,1,1.0,Computer,2,15.0,UPI,Female,4.0,5,Mobile Phone,1,Married,8,0,12.0,2.0,2.0,3.0,146.8
52450,0,2.0,Phone,1,,Debit Card,Male,3.0,1,Mobile,3,Married,7,0,18.0,0.0,1.0,0.0,124.50999999999999
51074,0,6.0,Computer,3,22.0,Debit Card,Female,2.0,3,Laptop & Accessory,1,Married,2,1,25.0,0.0,1.0,2.0,153.68
53517,0,12.0,Mobile Phone,2,7.0,UPI,Male,3.0,2,Mobile Phone,3,Divorced,3,0,14.0,2.0,6.0,1.0,153.44
53755,0,4.0,Phone,2,7.0,Debit Card,Male,3.0,4,Mobile Phone,3,Married,2,0,22.0,1.0,2.0,4.0,145.64
52952,0,12.0,Computer,3,9.0,Debit Card,Male,3.0,5,Laptop & Accessory,2,Divorced,5,0,19.0,7.0,8.0,6.0,177.49
51844,0,0.0,Phone,1,12.0,CC,Male,,3,Mobile,3,Married,1,0,20.0,1.0,2.0,2.0,127.72999999999999
54628,0,11.0,Computer,3,16.0,Credit Card,Male,4.0,4,Fashion,4,Married,3,0,14.0,2.0,8.0,,213.34
54236,0,5.0,Mobile Phone,1,15.0,Debit Card,Female,4.0,4,Laptop & Accessory,1,Single,3,0,24.0,2.0,2.0,9.0,169.24
52490,0,4.0,Computer,3,8.0,UPI,Male,2.0,3,Laptop & Accessory,5,Single,8,0,13.0,1.0,1.0,3.0,153.32
50808,1,0.0,Phone,1,13.0,COD,Female,2.0,3,Mobile,3,Married,4,1,13.0,1.0,7.0,7.0,133.39
55362,1,1.0,Mobile Phone,1,15.0,Credit Card,Male,4.0,5,Mobile Phone,3,Single,3,1,12.0,2.0,2.0,3.0,164.89
55018,1,8.0,Mobile Phone,1,17.0,Debit Card,Male,4.0,4,Mobile Phone,3,Single,3,1,12.0,2.0,2.0,3.0,154.36
55481,0,16.0,Computer,1,17.0,COD,Male,3.0,4,Mobile Phone,3,Married,5,0,23.0,4.0,4.0,4.0,154.36
54934,0,10.0,Mobile Phone,1,19.0,Credit Card,Female,3.0,5,Fashion,1,Single,2,0,12.0,6.0,8.0,,213.58
50214,0,3.0,Mobile Phone,3,11.0,E wallet,Female,1.0,4,Laptop & Accessory,3,Married,2,0,13.0,0.0,1.0,2.0,161.18
50988,1,1.0,Phone,1,8.0,Credit Card,Male,2.0,3,Laptop & Accessory,4,Married,5,0,11.0,0.0,1.0,4.0,148.55
50307,0,27.0,Phone,1,14.0,Debit Card,Female,2.0,3,Laptop & Accessory,3,Single,8,0,11.0,1.0,1.0,0.0,137.8
53234,0,18.0,Computer,1,31.0,Credit Card,Male,3.0,6,Mobile Phone,3,Single,4,0,15.0,1.0,2.0,5.0,162.08
53744,0,51.0,Mobile Phone,1,7.0,Debit Card,Male,4.0,2,Laptop & Accessory,3,Divorced,2,0,25.0,2.0,3.0,9.0,174.0
54192,0,18.0,Mobile Phone,1,17.0,UPI,Male,3.0,4,Laptop & Accessory,1,Married,4,1,14.0,1.0,2.0,4.0,189.65
51194,0,2.0,Computer,1,26.0,Credit Card,Male,2.0,3,Mobile Phone,1,Married,2,0,13.0,1.0,3.0,10.0,138.12
52418,0,2.0,Computer,1,8.0,Debit Card,Female,3.0,3,Mobile,4,Married,1,0,13.0,1.0,1.0,2.0,131.8
53761,0,2.0,Computer,3,14.0,Debit Card,Male,3.0,4,Laptop & Accessory,5,Single,2,0,15.0,2.0,2.0,4.0,173.98
53348,0,3.0,Mobile Phone,1,14.0,Credit Card,Female,4.0,5,Mobile Phone,2,Married,8,0,15.0,2.0,2.0,4.0,150.32
52748,0,4.0,Mobile Phone,1,8.0,Credit Card,Female,2.0,5,Mobile Phone,1,Married,2,1,11.0,0.0,1.0,0.0,111.28999999999999
53415,0,1.0,Mobile Phone,1,24.0,Credit Card,Female,3.0,5,Laptop & Accessory,3,Married,3,0,16.0,3.0,4.0,3.0,168.77
55387,0,6.0,Computer,1,17.0,Debit Card,Male,3.0,4,Mobile Phone,3,Married,8,0,14.0,1.0,2.0,4.0,159.33
51583,0,25.0,Computer,3,8.0,Debit Card,Male,3.0,4,Others,3,Single,2,1,18.0,,15.0,12.0,290.68
53177,0,11.0,Mobile Phone,3,9.0,E wallet,Male,4.0,4,Laptop & Accessory,3,Divorced,6,1,12.0,1.0,2.0,,221.02
52474,0,9.0,Computer,1,12.0,Debit Card,Male,3.0,1,Laptop & Accessory,5,Married,4,1,13.0,0.0,1.0,2.0,155.62
55331,0,1.0,Computer,1,9.0,Credit Card,Male,3.0,4,Mobile Phone,1,Single,4,0,14.0,1.0,2.0,3.0,150.8
53371,0,10.0,Mobile Phone,1,14.0,UPI,Male,4.0,4,Mobile Phone,2,Single,4,0,19.0,1.0,2.0,2.0,171.78
54512,0,6.0,Phone,1,9.0,Credit Card,Female,4.0,4,Mobile Phone,4,Married,3,0,14.0,1.0,2.0,8.0,148.7
50355,1,0.0,Computer,1,13.0,Debit Card,Female,,3,Mobile,3,Divorced,2,1,16.0,0.0,1.0,2.0,128.86
53836,0,10.0,Mobile Phone,1,19.0,Debit Card,Female,4.0,4,Laptop & Accessory,3,Married,11,1,13.0,1.0,2.0,2.0,171.63
53629,0,31.0,Phone,1,30.0,Debit Card,Male,3.0,4,Mobile Phone,3,Married,3,0,13.0,3.0,3.0,3.0,148.72
51892,0,2.0,Phone,3,,Debit Card,Male,3.0,3,Mobile,3,Single,2,0,11.0,1.0,1.0,0.0,126.41999999999999
50877,0,10.0,Phone,1,17.0,Credit Card,Female,3.0,3,Mobile Phone,3,Single,5,0,18.0,0.0,1.0,2.0,136.29
51049,0,9.0,Mobile Phone,1,11.0,Debit Card,Female,2.0,3,Fashion,5,Married,5,0,12.0,1.0,1.0,2.0,180.08
52022,0,8.0,Phone,1,27.0,Debit Card,Female,2.0,3,Laptop & Accessory,1,Married,2,1,25.0,0.0,1.0,7.0,140.14
52788,1,0.0,Phone,1,7.0,Credit Card,Male,2.0,3,Mobile Phone,1,Married,10,1,14.0,2.0,2.0,2.0,147.87
50014,1,0.0,Phone,1,15.0,CC,Male,3.0,4,Mobile,3,Divorced,1,1,17.0,0.0,1.0,0.0,133.88
55436,0,25.0,Mobile Phone,1,10.0,Cash on Delivery,Female,3.0,4,Fashion,3,Married,4,0,12.0,3.0,,3.0,256.16
55403,0,14.0,Mobile Phone,3,14.0,Credit Card,Male,3.0,4,Others,4,Single,3,0,15.0,13.0,13.0,9.0,323.33
52741,1,0.0,Computer,3,32.0,E wallet,Male,3.0,3,Laptop & Accessory,1,Married,2,1,11.0,0.0,1.0,8.0,156.17
53705,0,5.0,Mobile Phone,1,15.0,Debit Card,Female,4.0,4,Grocery,4,Single,5,0,12.0,,2.0,1.0,289.22
55200,1,1.0,Mobile Phone,2,16.0,COD,Female,3.0,4,Mobile Phone,3,Married,3,0,16.0,3.0,3.0,3.0,152.42
53104,0,16.0,Computer,1,35.0,COD,Female,3.0,5,Laptop & Accessory,2,Divorced,2,0,12.0,1.0,2.0,5.0,170.23
55398,1,1.0,Mobile Phone,3,8.0,Debit Card,Male,3.0,6,Laptop & Accessory,4,Single,8,0,16.0,1.0,2.0,1.0,192.35
50590,0,23.0,Mobile Phone,1,6.0,Credit Card,Male,3.0,3,Grocery,2,Married,10,0,22.0,,1.0,3.0,273.99
50422,0,2.0,Phone,3,,Debit Card,Male,2.0,3,Mobile,3,Single,2,0,11.0,0.0,1.0,0.0,126.41999999999999
52091,0,28.0,Computer,1,24.0,Credit Card,Male,3.0,3,Laptop & Accessory,4,Married,4,1,14.0,2.0,6.0,7.0,163.85
55290,0,16.0,Mobile Phone,1,16.0,UPI,Male,4.0,5,Others,1,Single,10,0,,2.0,2.0,2.0,321.13
50263,0,13.0,Mobile Phone,3,8.0,E wallet,Female,2.0,3,Laptop & Accessory,4,Married,8,0,12.0,0.0,1.0,3.0,157.15
52120,0,28.0,Computer,1,8.0,Credit Card,Male,2.0,4,Grocery,5,Single,8,0,15.0,,6.0,2.0,267.56
52489,0,18.0,Computer,3,32.0,E wallet,Male,2.0,4,Laptop & Accessory,5,Married,2,0,15.0,3.0,4.0,5.0,143.85
54156,0,10.0,Computer,1,30.0,Credit Card,Male,3.0,2,Laptop & Accessory,1,Married,6,0,18.0,1.0,2.0,4.0,150.71
53093,0,4.0,Mobile Phone,3,19.0,COD,Female,3.0,4,Laptop & Accessory,3,Single,2,0,12.0,4.0,5.0,5.0,190.77
55541,0,9.0,Mobile Phone,3,25.0,Credit Card,Male,4.0,4,Laptop & Accessory,5,Married,2,0,17.0,2.0,2.0,5.0,180.61
51673,1,2.0,Mobile Phone,3,9.0,Credit Card,Female,2.0,3,Laptop & Accessory,3,Married,5,1,18.0,1.0,1.0,0.0,152.38
54157,0,13.0,Mobile Phone,1,13.0,Credit Card,Male,3.0,5,Fashion,5,Married,6,0,16.0,2.0,2.0,,224.91
50582,1,3.0,Computer,3,30.0,Debit Card,Female,3.0,1,Grocery,4,Single,5,1,16.0,1.0,,0.0,231.94
51066,0,5.0,Mobile Phone,1,8.0,Credit Card,Male,2.0,3,Laptop & Accessory,4,Married,1,0,13.0,0.0,1.0,6.0,154.7
53871,0,10.0,Phone,1,14.0,Debit Card,Male,4.0,4,Mobile Phone,4,Single,4,0,12.0,1.0,2.0,4.0,145.13
54542,0,4.0,Mobile Phone,3,9.0,COD,Male,4.0,4,Mobile Phone,4,Married,3,0,19.0,2.0,2.0,1.0,149.76
50247,0,,Phone,1,29.0,Debit Card,Male,2.0,3,Mobile,2,Single,10,0,16.0,1.0,1.0,2.0,122.00999999999999
50952,0,27.0,Computer,1,17.0,Credit Card,Female,2.0,3,Grocery,1,Married,4,0,20.0,1.0,,12.0,260.32
52030,0,13.0,Mobile Phone,3,16.0,E wallet,Male,3.0,4,Fashion,4,Married,3,0,12.0,0.0,1.0,0.0,197.05
52949,0,25.0,Mobile Phone,1,7.0,Debit Card,Male,4.0,4,Mobile Phone,2,Divorced,3,0,12.0,2.0,2.0,1.0,152.23
53918,0,5.0,Mobile Phone,1,9.0,Debit Card,Male,4.0,4,Mobile Phone,3,Married,3,0,15.0,1.0,2.0,4.0,159.77
55434,1,1.0,Phone,1,15.0,Credit Card,Female,4.0,4,Mobile Phone,5,Married,3,1,18.0,1.0,2.0,1.0,148.98
51219,0,,Phone,1,13.0,Debit Card,Male,2.0,3,Mobile,5,Single,4,0,14.0,0.0,1.0,2.0,120.62
54298,0,13.0,Mobile Phone,3,11.0,Debit Card,Female,3.0,5,Laptop & Accessory,3,Married,6,0,15.0,6.0,6.0,10.0,184.02
51845,0,6.0,Mobile Phone,3,14.0,E wallet,Male,2.0,3,Laptop & Accessory,3,Married,1,0,12.0,0.0,1.0,2.0,171.04
50579,0,11.0,Computer,3,16.0,COD,Female,2.0,3,Laptop & Accessory,2,Single,2,1,13.0,0.0,1.0,3.0,156.66
51309,0,0.0,Phone,3,14.0,UPI,Female,2.0,3,Laptop & Accessory,3,Married,1,1,22.0,1.0,1.0,4.0,149.07
55273,1,2.0,Mobile Phone,1,9.0,Credit Card,Male,3.0,4,Laptop & Accessory,4,Married,6,0,12.0,2.0,2.0,5.0,173.55
50702,0,11.0,Phone,2,6.0,UPI,Male,,1,Mobile,3,Divorced,2,0,13.0,1.0,5.0,0.0,128.44
55575,0,21.0,Mobile Phone,1,32.0,Credit Card,Male,3.0,4,Fashion,3,Single,4,0,24.0,10.0,13.0,,211.33
54176,0,3.0,Mobile Phone,1,28.0,Debit Card,Female,3.0,2,Fashion,5,Married,3,0,12.0,7.0,9.0,,224.8
53250,0,12.0,Mobile Phone,1,9.0,Credit Card,Male,4.0,4,Mobile Phone,3,Divorced,8,1,14.0,1.0,2.0,2.0,155.57
51552,0,0.0,Phone,1,,Debit Card,Male,2.0,1,Mobile,4,Married,2,1,16.0,2.0,2.0,2.0,123.28
50994,0,,Phone,1,9.0,Debit Card,Female,2.0,3,Mobile,1,Married,2,0,21.0,1.0,1.0,0.0,120.61000000000001
51543,0,15.0,Computer,1,27.0,Credit Card,Female,2.0,3,Laptop & Accessory,3,Married,3,0,16.0,0.0,1.0,2.0,152.65
53091,0,13.0,Computer,1,7.0,Debit Card,Male,3.0,4,Others,3,Married,3,1,,1.0,2.0,7.0,316.97
55316,0,13.0,Mobile Phone,1,10.0,Credit Card,Male,4.0,5,Laptop & Accessory,3,Married,2,0,16.0,1.0,2.0,8.0,155.69
51924,0,11.0,Computer,1,8.0,Debit Card,Female,3.0,1,Laptop & Accessory,5,Single,7,1,12.0,0.0,4.0,12.0,159.8
55485,0,3.0,Mobile Phone,1,36.0,Debit Card,Male,4.0,6,Laptop & Accessory,3,Married,10,0,18.0,1.0,2.0,7.0,188.84
52396,0,15.0,Computer,1,15.0,Credit Card,Female,3.0,3,Mobile Phone,1,Single,2,0,13.0,0.0,5.0,8.0,136.73
50800,0,8.0,Phone,1,12.0,Debit Card,Male,3.0,3,Mobile,3,Divorced,1,1,14.0,1.0,2.0,2.0,135.06
53538,0,8.0,Computer,1,7.0,Credit Card,Male,4.0,5,Laptop & Accessory,5,Single,2,0,21.0,2.0,5.0,10.0,178.43
50101,0,,Phone,1,9.0,Debit Card,Male,3.0,4,Mobile,2,Divorced,4,0,17.0,0.0,1.0,0.0,121.77000000000001
51249,0,,Computer,1,14.0,CC,Female,2.0,4,Laptop & Accessory,4,Married,2,1,16.0,1.0,1.0,7.0,121.33000000000001
50267,0,13.0,Phone,1,8.0,CC,Female,3.0,4,Laptop & Accessory,3,Divorced,7,0,22.0,1.0,1.0,0.0,134.48
51585,1,0.0,Phone,1,6.0,Debit Card,Male,3.0,4,Mobile Phone,3,Single,1,1,14.0,0.0,1.0,2.0,137.3
51649,0,4.0,Mobile Phone,3,13.0,COD,Male,3.0,1,Laptop & Accessory,1,Married,5,0,11.0,3.0,7.0,7.0,169.29
54910,1,16.0,Mobile Phone,3,9.0,E wallet,Female,3.0,6,Others,1,Married,3,0,16.0,4.0,7.0,10.0,323.45
54744,0,8.0,Mobile Phone,3,15.0,Debit Card,Female,4.0,4,Laptop & Accessory,5,Married,7,0,18.0,2.0,2.0,3.0,190.0
51792,0,14.0,Computer,3,16.0,Debit Card,Male,2.0,3,Laptop & Accessory,1,Single,8,0,14.0,0.0,1.0,10.0,162.3
54291,0,17.0,Computer,1,35.0,Credit Card,Female,4.0,2,Mobile Phone,3,Single,6,0,13.0,1.0,2.0,3.0,172.39
52060,0,23.0,Mobile Phone,1,6.0,Credit Card,Male,3.0,3,Grocery,1,Married,10,0,22.0,,1.0,3.0,273.99
53305,1,1.0,Computer,1,12.0,Credit Card,Female,3.0,5,Mobile Phone,3,Divorced,3,1,15.0,1.0,2.0,8.0,148.66
52015,1,2.0,Phone,1,,CC,Male,3.0,3,Mobile,5,Married,8,1,21.0,1.0,2.0,2.0,124.03999999999999
52468,0,2.0,Phone,1,9.0,Credit Card,Male,2.0,3,Mobile Phone,5,Single,2,1,18.0,0.0,1.0,5.0,147.23
52296,0,4.0,Computer,3,8.0,Debit Card,Female,2.0,3,Fashion,3,Married,2,1,19.0,8.0,9.0,6.0,198.52
52898,0,10.0,Computer,1,25.0,Credit Card,Female,4.0,4,Mobile Phone,2,Single,3,0,14.0,2.0,2.0,8.0,146.53
54966,0,19.0,Computer,3,16.0,Debit Card,Female,4.0,5,Laptop & Accessory,3,Married,3,0,14.0,5.0,5.0,13.0,180.93
50473,0,15.0,Mobile Phone,1,6.0,Debit Card,Female,2.0,4,Laptop & Accessory,2,Divorced,10,1,13.0,0.0,1.0,2.0,160.62
53355,0,10.0,Mobile Phone,1,21.0,Debit Card,Male,4.0,4,Laptop & Accessory,2,Divorced,2,1,18.0,5.0,5.0,12.0,190.86
54206,1,5.0,Mobile Phone,1,19.0,Cash on Delivery,Female,3.0,4,Others,3,Married,3,0,,2.0,16.0,9.0,320.45
54683,0,11.0,Mobile Phone,1,17.0,Debit Card,Male,4.0,2,Mobile Phone,1,Single,5,0,18.0,2.0,2.0,1.0,171.8
53256,0,1.0,Mobile Phone,1,17.0,Credit Card,Male,4.0,3,Mobile Phone,3,Single,3,0,19.0,2.0,2.0,3.0,160.05
53933,0,14.0,Mobile Phone,3,14.0,Credit Card,Male,3.0,4,Others,4,Single,3,0,,2.0,13.0,9.0,323.33
50949,0,1.0,Mobile Phone,1,35.0,Debit Card,Male,3.0,5,Laptop & Accessory,4,Divorced,2,0,14.0,1.0,1.0,7.0,165.49
51534,0,7.0,Computer,1,8.0,Debit Card,Male,2.0,4,Laptop & Accessory,3,Married,2,0,17.0,0.0,1.0,9.0,195.47
51243,0,,Phone,1,8.0,COD,Male,2.0,3,Mobile,4,Married,2,0,11.0,1.0,1.0,2.0,122.25999999999999
53821,0,9.0,Mobile Phone,1,35.0,Debit Card,Male,3.0,2,Laptop & Accessory,3,Married,3,0,18.0,6.0,7.0,9.0,159.07
54571,0,4.0,Mobile Phone,1,9.0,Debit Card,Female,3.0,6,Laptop & Accessory,1,Single,4,0,21.0,2.0,2.0,3.0,185.91
51058,0,9.0,Computer,1,6.0,Credit Card,Female,2.0,4,Laptop & Accessory,3,Married,1,0,15.0,1.0,1.0,2.0,143.74
51783,0,3.0,Phone,3,13.0,E wallet,Male,,3,Mobile,4,Single,1,0,14.0,0.0,1.0,2.0,129.83
53161,0,1.0,Computer,3,31.0,Credit Card,Male,3.0,4,Mobile Phone,2,Divorced,2,0,14.0,1.0,3.0,2.0,149.0
52920,1,1.0,Phone,1,25.0,Credit Card,Male,3.0,5,Mobile Phone,2,Single,3,1,14.0,1.0,2.0,2.0,148.89
50179,0,4.0,Mobile Phone,3,13.0,COD,Male,3.0,2,Laptop & Accessory,2,Divorced,5,0,11.0,3.0,7.0,7.0,169.29
53995,0,14.0,Mobile Phone,1,19.0,Debit Card,Female,3.0,4,Laptop & Accessory,5,Married,4,0,13.0,8.0,8.0,8.0,169.48
53259,1,19.0,Mobile Phone,1,9.0,Credit Card,Male,4.0,4,Others,5,Divorced,7,1,14.0,2.0,2.0,5.0,323.59
55180,0,10.0,Mobile Phone,3,23.0,E wallet,Female,4.0,5,Laptop & Accessory,5,Married,6,0,14.0,2.0,2.0,3.0,181.47
53993,0,9.0,Mobile Phone,1,30.0,Credit Card,Male,4.0,6,Mobile Phone,3,Married,2,0,17.0,2.0,2.0,4.0,152.05
53639,0,4.0,Mobile Phone,1,24.0,Credit Card,Female,4.0,4,Fashion,5,Divorced,3,1,24.0,1.0,,9.0,244.16000000000003
51805,0,14.0,Computer,1,8.0,UPI,Female,3.0,4,Laptop & Accessory,3,Single,3,1,17.0,0.0,1.0,7.0,168.11
50064,0,7.0,Computer,1,8.0,Debit Card,Male,2.0,4,Laptop & Accessory,3,Divorced,2,0,17.0,0.0,1.0,9.0,195.47
54092,0,29.0,Mobile Phone,2,33.0,UPI,Male,4.0,2,Others,4,Married,6,1,,2.0,2.0,5.0,321.36
54455,0,11.0,Computer,1,16.0,Credit Card,Male,3.0,4,Mobile Phone,1,Married,3,1,13.0,1.0,2.0,3.0,148.26
53720,0,14.0,Computer,1,16.0,UPI,Male,3.0,4,Laptop & Accessory,3,Married,5,0,12.0,2.0,2.0,8.0,164.75
51437,0,24.0,Mobile Phone,3,27.0,E wallet,Male,3.0,3,Laptop & Accessory,1,Single,1,1,22.0,0.0,1.0,0.0,154.41
51292,0,11.0,Phone,3,6.0,Debit Card,Male,2.0,3,Laptop & Accessory,4,Married,1,0,15.0,4.0,5.0,8.0,144.4
53319,0,11.0,Mobile Phone,3,23.0,E wallet,Male,4.0,5,Laptop & Accessory,3,Married,6,0,20.0,2.0,2.0,1.0,188.34
51316,0,9.0,Computer,1,10.0,Debit Card,Female,3.0,3,Laptop & Accessory,4,Married,8,0,13.0,1.0,1.0,2.0,151.31
53302,0,9.0,Mobile Phone,1,14.0,UPI,Male,3.0,4,Fashion,3,Single,5,0,22.0,1.0,2.0,,227.21
50297,1,0.0,Phone,1,,COD,Female,3.0,4,Mobile,4,Divorced,6,0,16.0,0.0,1.0,1.0,125.46000000000001
55409,0,1.0,Mobile Phone,1,15.0,Credit Card,Female,4.0,4,Mobile Phone,1,Single,3,0,12.0,1.0,2.0,5.0,159.45
51971,0,18.0,Mobile Phone,3,15.0,E wallet,Male,3.0,3,Fashion,5,Married,5,1,12.0,0.0,1.0,2.0,207.61
51258,0,4.0,Computer,1,9.0,CC,Male,,3,Mobile,5,Married,2,1,13.0,0.0,2.0,3.0,130.65
51565,0,27.0,Mobile Phone,3,9.0,E wallet,Female,2.0,3,Laptop & Accessory,5,Married,3,0,14.0,1.0,1.0,5.0,159.4
